Workbook

Sheet duobahlul_videos
A1: video_id | B1: title | C1: published_at | D1: year month | E1: duration_seconds | F1: duration_minutes | G1: view_count | H1: like_count | I1: comment_count | J1: tags | K1: description
A2: pqN2k-dxRh4 | B2: DR. TIRTA EMOSI DIFITNAH SUKA MAIN JUDOL - Di Podcast Bahlul (Sahil Dan Kamal) | C2: 2025-08-25T10:01:17Z | D2: =TEXT(DATEVALUE(LEFT(C2,10)), "YYYY-MM") -> 2025-08 | E2: 3741 | F2: 62.4 | G2: 3401847 | H2: 56108 | I2: 2280 | J2: Noice, podcast, audiobook, audioseries, radio, cerita, drama, komedi, horor, misteri, live, cinta, berita, politik, musik, agama, spiritual, hobi, lifestyle, hiburan, edukasi, inspirasi, bisnis, noice meme podcast, dr tirta, olahraga, padel, duo bahlul, jak fm, sahil mulachela, lari, noice, judi online, judol | K2: 🔥 Dr. Tirta kepancing emosi di Podcast Duo Bahlul! 🔥 Shooting hampir berhenti di tengah jalan gara-gara obrolan makin panas. Tapi tenang, jangan langsung tegang—di balik drama ini ada sisi lain Dr. Tirta yang jarang banget kelihatan! Dijamin seru, kadang bikin geleng-geleng, kadang bikin mikir jug
A3: 9suGw_FOXig | B3: SAKING AKTIFNYA JIRAYUT NYARIS DIIKET TAMBANG - PODCAST BAHLUL (DUO BAHLUL) | C3: 2026-05-11T10:00:16Z | D3: =TEXT(DATEVALUE(LEFT(C3,10)), "YYYY-MM") -> 2026-05 | E3: 3827 | F3: 63.8 | G3: 3129824 | H3: 61607 | I3: 4459 | J3: Noice, podcast, audiobook, audioseries, radio, cerita, drama, komedi, horor, misteri, live, cinta, berita, politik, musik, agama, spiritual, hobi, lifestyle, hiburan, edukasi, inspirasi, bisnis, noise, noice meme podcast, Jirayut, sahil, kamal, pak rt, rt, dangdut academy, band academy | K3: Kalau ada lomba manusia paling aktif sedunia… kayaknya Jirayut udah pegang piala bergilir. Di episode Podcast Bahlul kali ini, Jirayut bongkar cerita kenapa dirinya hampir “diiket tambang” gara-gara nggak bisa diem sama sekali! Dari duduk susah, lari ke sana-sini, sampai bikin orang sekitar pusing
A4: BtttEJ3Qv3g | B4: ⁠DEMI SANIA, COWOK RELA PINDAH AGAMA?! - PODCAST BAHLUL (SAHIL DAN KAMAL) | C4: 2025-12-22T08:57:42Z | D4: =TEXT(DATEVALUE(LEFT(C4,10)), "YYYY-MM") -> 2025-12 | E4: 3740 | F4: 62.3 | G4: 2232132 | H4: 27672 | I4: 831 | J4: Noice, podcast, audiobook, audioseries, radio, cerita, drama, komedi, horor, misteri, live, cinta, berita, politik, musik, agama, spiritual, hobi, lifestyle, hiburan, edukasi, inspirasi, bisnis, noise, noice meme podcast, sania leonardo, sefreakuensi, kamal, jak101fm, jak fm | K4: Di episode Podcast Bahlul kali ini, iman, cinta, dan logika duduk satu meja… lalu ribut Bayangin: DEMI SANIA, ADA COWOK YANG RELA PINDAH AGAMA?! Ini cinta sejati, bucin stadium akhir, atau plot sinetron kejeblos ke dunia nyata? ⚠️ Peringatan: Episode ini bisa bikin kamu: •⁠ ⁠Ketawa ngakak •⁠ ⁠Em
A5: IE64U39eEc0 | B5: AIR MATA UMMI JATUH, TAKUT RAMADAN BERIKUTNYA GA BISA KETEMU NYOKAPNYA LAGI | C5: 2026-03-09T10:00:25Z | D5: =TEXT(DATEVALUE(LEFT(C5,10)), "YYYY-MM") -> 2026-03 | E5: 3874 | F5: 64.6 | G5: 2076048 | H5: 32066 | I5: 874 | J5: Noice, podcast, audiobook, audioseries, radio, cerita, drama, komedi, horor, misteri, live, cinta, berita, politik, musik, agama, spiritual, hobi, lifestyle, hiburan, edukasi, inspirasi, bisnis, noise, noice meme podcast, ummi qwary, sahil, kamal, jak101fm, ibu, bahlul | K5: Kalau Ramadan tahun depan… aku masih bisa ketemu Mama nggak ya?” Kalimat itu yang bikin Ummi langsung nangis di tengah podcast. Bukan settingan. Bukan drama. Tapi ketakutan yang mungkin juga kamu rasain… cuma nggak pernah berani kamu ucapin. Di Podcast Bahlul Spesial Ramadan kali ini, obrolan berub
A6: 5OEIxYXIPs0 | B6: PLOT TWIST! RIGEN CERITA HAMPIR JADI ORANG TUA RISPO… KOK BISA?! - PODCAST BAHLUL (DUO BAHLUL) | C6: 2026-05-04T10:07:33Z | D6: =TEXT(DATEVALUE(LEFT(C6,10)), "YYYY-MM") -> 2026-05 | E6: 3926 | F6: 65.4 | G6: 1889363 | H6: 21454 | I6: 820 | J6: Noice, podcast, audiobook, audioseries, radio, cerita, drama, komedi, horor, misteri, live, cinta, berita, politik, musik, agama, spiritual, hobi, lifestyle, hiburan, edukasi, inspirasi, bisnis, noise, noice meme podcast, rigen, plot twist, bahlul, podcast bahlul, kamal artis | K6: Siapa sangka obrolan santai bisa berubah jadi PLOT TWIST! Di episode Podcast Bahlul kali ini, Rigen tiba-tiba buka cerita yang bikin semua orang bengong… gimana ceritanya dia hampir jadi orang tua Rispo?! Dari yang awalnya becanda, malah jadi cerita penuh kejanggalan, salah paham, sampai momen yan
A7: WZFQuve1r8M | B7: PAK RT KAMAL KENA SEMPROT! ADU MULUT SAMA OM INDRO - PODCAST BAHLUL (DUO BAHLUL) | C7: 2026-05-18T10:00:47Z | D7: =TEXT(DATEVALUE(LEFT(C7,10)), "YYYY-MM") -> 2026-05 | E7: 4514 | F7: 75.2 | G7: 1795375 | H7: 30262 | I7: 2366 | J7: Noice, podcast, audiobook, audioseries, radio, cerita, drama, komedi, horor, misteri, live, cinta, berita, politik, musik, agama, spiritual, hobi, lifestyle, hiburan, edukasi, inspirasi, bisnis, noise, noice meme podcast, bahlul, podcast bahlul, sahil, kamal, warkop, indro | K7: RICUH BALAI WARGA DIMULAI! PAK RT KAMAL akhirnya kena semprot salah satu warganya yaitu Om Indro Di episode Podcast Bahlul kali ini, studio berubah jadi rapat warga yang gagal kondusif! Mulai dari adu mulut nggak penting, pembelaan absurd, sampai Om Indro yang udah pengen nyerah ngadepin tingkah
A8: QoETkQTP8uM | B8: KENA BATUNYA! AKHIRNYA ABDUR MERASAKAN JADI KORBAN FITNAH - PODCAST BAHLUL | C8: 2026-06-29T10:00:33Z | D8: =TEXT(DATEVALUE(LEFT(C8,10)), "YYYY-MM") -> 2026-06 | E8: 4948 | F8: 82.5 | G8: 1497797 | H8: 14122 | I8: 914 | J8: Noice, podcast, audiobook, audioseries, radio, cerita, drama, komedi, horor, misteri, live, cinta, berita, politik, musik, agama, spiritual, hobi, lifestyle, hiburan, edukasi, inspirasi, bisnis, noise, noice meme podcast, podcast bahlul, abdur, standup indo, roasting, bahlul | K8: FAKTA PALING MENGGUNCANG PODCAST BAHLUL AKHIRNYA TERBONGKAR! Kalau selama ini Abdur cuma dikenal sebagai tukang fitnah, ternyata itu belum seberapa... Di episode kali ini, masa lalu Abdur dikuliti habis-habisan sampai muncul pengakuan yang bikin semua orang di studio melongo sekaligus ngakak. Bena
A9: Ouz-mCsTuGo | B9: EMANG BAHLUL! KAMAL KEPANCING EMOSI DENGER CERITA FELIX SIAUW - PODCAST BAHLUL | C9: 2026-05-26T10:00:11Z | D9: =TEXT(DATEVALUE(LEFT(C9,10)), "YYYY-MM") -> 2026-05 | E9: 4454 | F9: 74.2 | G9: 1467586 | H9: 23109 | I9: 1316 | J9: Noice, podcast, audiobook, audioseries, radio, cerita, drama, komedi, horor, misteri, live, cinta, berita, politik, musik, agama, spiritual, hobi, lifestyle, hiburan, edukasi, inspirasi, bisnis, noise, noice meme podcast, felix siauw, pak RT, Kamal RT | K9: WARNING ⚠️ Podcast ini mengandung obrolan absurd, tawa berlebihan, dan Felix Siauw kehilangan fokus berkali-kali Di episode kali ini, Felix Siauw sampai dibuat mikir keras… “Ini gue lagi dakwah… apa lagi nongkrong sama manusia-manusia error?” Dari obrolan serius yang belok jadi lawakan, sampai jo
A10: dngIje00nAQ | B10: KOK BISA MASUK ISLAM GARA-GARA GOFAR? | C10: 2026-02-20T10:30:33Z | D10: =TEXT(DATEVALUE(LEFT(C10,10)), "YYYY-MM") -> 2026-02 | E10: 3562 | F10: 59.4 | G10: 1443889 | H10: 15690 | I10: 711 | J10: Noice, podcast, audiobook, audioseries, radio, cerita, drama, komedi, horor, misteri, live, cinta, berita, politik, musik, agama, spiritual, hobi, lifestyle, hiburan, edukasi, inspirasi, bisnis, noise, noice meme podcast | K10: Siapa sangka, konten Ramadan yang sederhana justru bisa jadi jalan hidayah bagi banyak orang. Di Podcast Bahlul Spesial Ramadan, kita ngobrol soal fenomena menarik: bagaimana konten Ramadan Gofar berdampak besar sampai membuat banyak orang tertarik dan masuk Islam. Episode ini penuh cerita, reflek
A11: JZun46NnrPI | B11: ⁠SAHIL KAMAL KETETERAN LAWAN TEKTOKAN PANDJI PRAGIWAKSONO DAN CING ABDEL | C11: 2026-07-06T10:00:26Z | D11: =TEXT(DATEVALUE(LEFT(C11,10)), "YYYY-MM") -> 2026-07 | E11: 4602 | F11: 76.7 | G11: 1264508 | H11: 19287 | I11: 1423 | J11: Noice, podcast, audiobook, audioseries, radio, cerita, drama, komedi, horor, misteri, live, cinta, berita, politik, musik, agama, spiritual, hobi, lifestyle, hiburan, edukasi, inspirasi, bisnis, noise, noice meme podcast, PandjiPragiwaksono, CingAbdel, SahilKamal, DuoBahlul, Kamal RT, StandUpIndo | K11: Warning: empat bapak-bapak dikumpulin dalam satu ruangan ternyata lebih chaos dari yang dibayangin. Dari curhat keresahan jadi bapak, bongkar kenakalan masa muda, nostalgia zaman siaran radio, sampai adu perspektif soal komedi—semuanya dibahas tanpa rem. Bonusnya? Pandji Pragiwaksono dan Cing Abde
A12: tzO_7Pfw8E0 | B12: ECA DAN SAHIL SAMA-SAMA DIAWASIN BOKAPNYA BIAR GAK KELEWAT BATAS - PODCAST BAHLUL SPESIAL RAMADHAN | C12: 2026-03-16T10:01:22Z | D12: =TEXT(DATEVALUE(LEFT(C12,10)), "YYYY-MM") -> 2026-03 | E12: 3992 | F12: 66.5 | G12: 1251770 | H12: 17755 | I12: 707 | J12: Noice, podcast, audiobook, audioseries, radio, cerita, drama, komedi, horor, misteri, live, cinta, berita, politik, musik, agama, spiritual, hobi, lifestyle, hiburan, edukasi, inspirasi, bisnis, noise, noice meme podcast, eca aura, chindo, bahlul, kamal seleb | K12: Kirain udah dewasa… ternyata hidupnya masih diawasin bokap juga?! 🫢 Di episode ini, Eca cerita jujur tentang perjalanan hidupnya: dari lama jadi anak rantau, naik turunnya karier, pengalaman “puasa ikutan” karena circle pertemanan, sampai kisah patah hati yang gak main-main. Sepanjang obrolan, tin
A13: NQZto-en6NA | B13: BINTANG TAMU KAYA SETAN! OKI & LOLOX BIKIN DUO BAHLUL MELEDAK - PODCAST BAHLUL (SAHIL DAN KAMAL) | C13: 2026-04-13T10:00:37Z | D13: =TEXT(DATEVALUE(LEFT(C13,10)), "YYYY-MM") -> 2026-04 | E13: 3339 | F13: 55.6 | G13: 1220468 | H13: 16965 | I13: 945 | J13: Noice, podcast, audiobook, audioseries, radio, cerita, drama, komedi, horor, misteri, live, cinta, berita, politik, musik, agama, spiritual, hobi, lifestyle, hiburan, edukasi, inspirasi, bisnis, noise, noice meme podcast, lolox, oki rengga, duo bahlul, kamal, tiba-tiba setan, marah, darah tinggi, naik darah, film horor, pwk | K13: STUDIO HAMPIR PECAH! EMOSI MELEDAK DARI DETIK PERTAMA! Gak ada pemanasan. Gak ada basa-basi. Begitu mic nyala… LANGSUNG RIBUT! Duo Bahlul (Sahil & Kamal) ketemu Duo Batak yang sama-sama keras kepala. Yang harusnya cuma ngobrol santai, malah berubah jadi ajang adu mental, adu bacot, dan adu siapa pa
... A52: JhhUc1uN09w | B52: DUSTIN LEBIH SAYANG GELANG KONSER DIBANDING ISTRINYA - DUO BAHLUL (SAHIL DAN KAMAL) | C52: 2025-08-04T09:00:24Z | D52: =TEXT(DATEVALUE(LEFT(C52,10)), "YYYY-MM") -> 2025-08 | E52: 3620 | F52: 60.3 | G52: 4289 | H52: 67 | I52: 8 | J52: Noice, podcast, audiobook, audioseries, radio, cerita, drama, komedi, horor, misteri, live, cinta, berita, politik, musik, agama, spiritual, hobi, lifestyle, hiburan, edukasi, inspirasi, bisnis, noise, noice meme podcast, dustin, kocak, jhonns | K52: Siapa sangka, cuma gara-gara repost video, Dustin bisa dapetin pacar pertama yang langsung jadi istri! 😳🔥 Di episode kali ini, Dustin Tiffani bongkar semua jurus rahasia deketin Ditha—dari trik halus sampe treatment “anti gagal” buat cewek… yang bikin Sahil & Kamal geleng-geleng + speechless! 😯💥 S

Sheet duobahlul_comments
A1: video_id | C1: comment | D1: like_count | E1: published_at
A2: 4wkMpxeO5D0 | B2: {=_xludf.XLOOKUP(A2,duobahlul_videos!$A$1:$A$52,duobahlul_videos!$B$1:$B$52)} -> #NAME? | C2: duta tunjuk tunjukan disatukan dan isinya nada tinggi semua wkwkw | D2: 117 | E2: 2026-07-27T10:52:47Z
A3: 4wkMpxeO5D0 | B3: {=_xludf.XLOOKUP(A3,duobahlul_videos!$A$1:$A$52,duobahlul_videos!$B$1:$B$52)} -> #NAME? | C3: On-fire sekali Aloy lawan Kamal disini 🤣🤣🤣 | D3: 143 | E3: 2026-07-27T10:19:57Z
A4: 4wkMpxeO5D0 | B4: {=_xludf.XLOOKUP(A4,duobahlul_videos!$A$1:$A$52,duobahlul_videos!$B$1:$B$52)} -> #NAME? | C4: Duo bahlul vs aloy langsng click nonton 🔥 | D4: 62 | E4: 2026-07-27T11:04:22Z
A5: 4wkMpxeO5D0 | B5: {=_xludf.XLOOKUP(A5,duobahlul_videos!$A$1:$A$52,duobahlul_videos!$B$1:$B$52)} -> #NAME? | C5: loy, gue tampar ya. tiap podcast yang ada lo-nya ngakak mulu gue | D5: 73 | E5: 2026-07-27T10:27:22Z
A6: 4wkMpxeO5D0 | B6: {=_xludf.XLOOKUP(A6,duobahlul_videos!$A$1:$A$52,duobahlul_videos!$B$1:$B$52)} -> #NAME? | C6: Aloy ketemu kamal on-fire banget😂 | D6: 30 | E6: 2026-07-27T11:20:01Z
A7: 4wkMpxeO5D0 | B7: {=_xludf.XLOOKUP(A7,duobahlul_videos!$A$1:$A$52,duobahlul_videos!$B$1:$B$52)} -> #NAME? | C7: loy jangan mati dulu ya loyyyy,,,, sehat sehat dah | D7: 80 | E7: 2026-07-27T10:38:19Z
A8: 4wkMpxeO5D0 | B8: {=_xludf.XLOOKUP(A8,duobahlul_videos!$A$1:$A$52,duobahlul_videos!$B$1:$B$52)} -> #NAME? | C8: Aloy vs Duo bahlul Gasss | D8: 34 | E8: 2026-07-27T10:23:57Z
A9: 4wkMpxeO5D0 | B9: {=_xludf.XLOOKUP(A9,duobahlul_videos!$A$1:$A$52,duobahlul_videos!$B$1:$B$52)} -> #NAME? | C9: Aloy emang udah bakat yang ambisius konsisten disiplin jadi ke up dia😂 | D9: 18 | E9: 2026-07-27T11:10:38Z
A10: 4wkMpxeO5D0 | B10: {=_xludf.XLOOKUP(A10,duobahlul_videos!$A$1:$A$52,duobahlul_videos!$B$1:$B$52)} -> #NAME? | C10: Astagfirullah aloy😅 ini saatnya tahun lu loy. Tetap rendah hati & jgn bosan menghibur kami | D10: 7 | E10: 2026-07-27T11:33:31Z
A11: 4wkMpxeO5D0 | B11: {=_xludf.XLOOKUP(A11,duobahlul_videos!$A$1:$A$52,duobahlul_videos!$B$1:$B$52)} -> #NAME? | C11: aloy si paling motivasi😂 | D11: 36 | E11: 2026-07-27T10:39:16Z
A12: 4wkMpxeO5D0 | B12: {=_xludf.XLOOKUP(A12,duobahlul_videos!$A$1:$A$52,duobahlul_videos!$B$1:$B$52)} -> #NAME? | C12: Coba mereka disatuin pasti keren | D12: 19 | E12: 2026-07-27T10:45:53Z
A13: 4wkMpxeO5D0 | B13: {=_xludf.XLOOKUP(A13,duobahlul_videos!$A$1:$A$52,duobahlul_videos!$B$1:$B$52)} -> #NAME? | C13: Wahhhhh dokter ini nih yg sliweran mulu di ig gue 😂❤ | D13: 9 | E13: 2026-07-27T11:49:08Z
... A1004: l2n7Yl0S18A | B1004: {=_xludf.XLOOKUP(A1004,duobahlul_videos!$A$1:$A$52,duobahlul_videos!$B$1:$B$52)} -> #NAME? | C1004: ini adalah episode .. setelah semua episode saya tentang podcat bahlil beserta podcat luar yg ada podcast bahlul nya. | D1004: 0 | E1004: 2026-06-12T13:37:38Z

Sheet comments on saniaXduobahlul
A1: video_id | B1: comment | C1: like_count | D1: sentiment | E1: theme | H1: Sentimen | I1: Jumlah Komentar | J1: % unweighted (hitung biasa) | K1: % weighted (by likes)
A2: BtttEJ3Qv3g | B2: Asli lu bertiga cocok banget, udah deh bikin grup biar jadi trio terus ngonten/bikin Chanel baru 😂 | C2: 1008 | D2: Positif | E2: Request | H2: Positif | I2: =COUNTIF($D$2:$D$21,H2) -> 11 | J2: =$I2/$I$5*100 -> 55 | K2: =ROUND((SUMIFS($C$1:$C$21,$D$1:$D$21,$H2)+1)/($C$22+1)*100,1) -> 57.5
A3: BtttEJ3Qv3g | B3: Kamal said:"jadi,jangan pernah menunda apapun itu,kalo lo suka lo kejar,ga dapet yauda cari yg lain."👏🏼🔥👑respect🔥🔥🔥 | C3: 461 | D3: Positif | E3: Pujian | H3: Netral | I3: =COUNTIF($D$2:$D$21,H3) -> 8 | J3: =$I3/$I$5*100 -> 40 | K3: =ROUND((SUMIFS($C$1:$C$21,$D$1:$D$21,$H3)+1)/($C$22+1)*100,1) -> 40.3
A4: BtttEJ3Qv3g | B4: gua suka orang" kaya sania gak banyak manipulasi,, lucu nya natural dia biasa ngomong kasar ya kasar aja,, paling suka sama orang" yang jauh dari kemunafikan ❤❤❤ emang cocok dah tuh coleb di konten" selanjutnya | C4: 68 | D4: Positif | E4: Pujian | H4: Negatif | I4: =COUNTIF($D$2:$D$21,H4) -> 1 | J4: =$I4/$I$5*100 -> 5 | K4: =ROUND((SUMIFS($C$1:$C$21,$D$1:$D$21,$H4)+1)/($C$22+1)*100,1) -> 2.3
A5: BtttEJ3Qv3g | B5: 20% informasi 80% lawak 😂 | C5: 499 | D5: Netral | E5: Lainnya | H5: Total | I5: =SUM(I2:I4) -> 20 | J5: =$I5/$I$5*100 -> 100 | K5: =SUM(K2:K4) -> 100.1
A6: BtttEJ3Qv3g | B6: Mending bikin trio kata gua😂😂 | C6: 284 | D6: Netral | E6: Request
A7: BtttEJ3Qv3g | B7: Dtng kesini gara2 Liat d tt..lucuu gacorr bertiga😅😅 | C7: 224 | D7: Positif | E7: Pujian
A8: BtttEJ3Qv3g | B8: Bidadari laut secantik ini di undang cuma buat di hina2 🤣 | C8: 99 | D8: Netral | E8: Lainnya | H8: Pujian | I8: =COUNTIF($E$2:$E$21,$H8) -> 6 | J8: =$I8/$I$12*100 -> 30
A9: BtttEJ3Qv3g | B9: 1:00:13 Sebagai wanita usia 33 tahun, ini cukup ngena di gue. Karena emang pas usia 20an terkesan masih jauh, tapi ga berasa udah kepala 3, dan sepertinya kepala 4 sangat dekat. Banyak yg gue sesali tidak 'mengejar' yg gue mau dari usia muda karena merasa masih jauh. Ini bukan cuma asmara ya, tp banyak hal 💔 | C9: 98 | D9: Netral | E9: Lainnya | H9: Request | I9: =COUNTIF($E$2:$E$21,$H9) -> 6 | J9: =$I9/$I$12*100 -> 30
A10: BtttEJ3Qv3g | B10: Gw fans baru kalian B2 , tapi udah B2 aja udah rame, kalian B2 tanpa bahasa kotor atau kasar aja udah lucu pake banget , jadi Istiqomah aja kalian B2 tanpa bahasa kotor | C10: 92 | D10: Positif | E10: Request | H10: Kritik | I10: =COUNTIF($E$2:$E$21,$H10) -> 1 | J10: =$I10/$I$12*100 -> 5
A11: BtttEJ3Qv3g | B11: 10 % informasi 90% lawak😂 | C11: 51 | D11: Netral | E11: Lainnya | H11: Lainnya | I11: =COUNTIF($E$2:$E$21,$H11) -> 7 | J11: =$I11/$I$12*100 -> 35
A12: BtttEJ3Qv3g | B12: Ini kalau podcast gak panjang umurnya aneh sih, padahal ini podcast paling asik, paduan vibest youtube dan radio. Mau cuma dengerin doang tanpa liat visualnya tetep asik.❤ | C12: 11 | D12: Positif | E12: Pujian | I12: =SUM(I8:I11) -> 20 | J12: =$I12/$I$12*100 -> 100
A13: BtttEJ3Qv3g | B13: apa cmn gue doang klo gue liat muka bang kamal ada unsur bimo picky picksnya sama ada mirip kevin julionya juga sekilas | C13: 334 | D13: Netral | E13: Lainnya
A14: BtttEJ3Qv3g | B14: Semoga ada acara ramadhan buat mereka..biar sahur gw gk ngantuk 😂 | C14: 24 | D14: Positif | E14: Request
A15: BtttEJ3Qv3g | B15: Cocok SKS nih... Sahil Kamal Sania😂😂😂 | C15: 129 | D15: Positif | E15: Pujian
A16: BtttEJ3Qv3g | B16: Kenapa kandas terus? Mantan juga blm ada yg nikah, artinya emang salah dpt pasangan aja, yg sebelum2 nya cmn emang buat fun aja, jdi tinggal cari aja yg tepat 😊 | C16: 21 | D16: Netral | E16: Lainnya
A17: BtttEJ3Qv3g | B17: 1jam gk berasa... Mrka b3 cocok bgt. 3 podcast yg mrka b3 udh aku tonton smua 😍😍😂😂 | C17: 31 | D17: Positif | E17: Request
A18: BtttEJ3Qv3g | B18: Sebenernya udh seru bgt mereka bertiga, udh klop bgt, cuma sania cb kurangin ngomong ajgnya sm monyetnya deh, jd di dengernya enak, ga tiba tiba lg enak dengerin tau tau ajg ajg mnyet mnyet gituuuuuu.. Udh seru bangeeett | C18: 85 | D18: Negatif | E18: Kritik
A19: BtttEJ3Qv3g | B19: Bisa2nya Nona Bekasi ini klop ama duo arab paruh baya. | C19: 73 | D19: Positif | E19: Lainnya
A20: BtttEJ3Qv3g | B20: Kamal tulang punggung komedi indonesia | C20: 22 | D20: Positif | E20: Pujian
A21: BtttEJ3Qv3g | B21: Tambah Dafa Ariq, sama umi quary , berapi" acaranya 😂 | C21: 115 | D21: Netral | E21: Request
C22: =SUM(C2:C21) -> 3729

Sheet duo_bahlul_categories
A1: topic_category | B1: jumlah_video | C1: avg_views_per_day | D1: avg_like_ratio
A2: Personal Story/Other | B2: 16 | C2: 20465.2 | D2: 0.043055556
A3: Conflict/Drama | B3: 9 | C3: 22313.9 | D3: 0.045138889
A4: Ramadan/Religious-Special | B4: 11 | C4: 228.91736 | D4: 0.043055556
A5: Relationship/Household | B5: 8 | C5: 11939.0 | D5: 0.083333333
A6: Religious/Spiritual (non-Ramadan) | B6: 4 | C6: 208.70903 | D6: 0.043055556
A7: Money/Scandal | B7: 3 | C7: 268.67083 | D7: 0.0055555556
